"","X2","MI","AIC","BIC"
"1",0.538922974791424,0.538295577285369,0.609525935229209,0.596650004485512
"2",0.662936036601776,0.662591764600341,0.807873975060555,0.810198833766933
"3",0.764683233156903,0.764417403785772,0.828682946084148,0.823408055979187
"4",0.847946963308513,0.847714577913339,0.910780586704943,0.910146012380013
