"","X2","MI","AIC","BIC","GAIC"
"1",0.541068987171436,0.540810478155557,0.687628743159594,0.680840333722078,0.624343769624114
"2",0.680231093567776,0.679832636583835,0.795522382703866,0.785687485422086,0.733140755360187
"3",0.758636189109177,0.758359594509734,0.846072880595676,0.850293424239706,0.733237642414999
"4",0.835733237642415,0.835479895936126,0.882662240961696,0.881862025657128,0.705892168296403
