"","X2","MI","AIC","BIC","GAIC","XBIC","DIMT"
"1",0.556665470530187,0.556198080200951,0.68138781734996,0.657989145061452,0.708519332555845,0.637458060464699,0
"2",0.672362967614606,0.672164707993183,0.802279985646363,0.809528572710146,0.826514308782633,0.705538709966807,0
"3",0.749808020095093,0.749360366017762,0.864547411859693,0.850401004754642,0.901117340988606,0.58657531174307,0
"4",0.833781734995963,0.831044675697498,0.912206423252894,0.90680631560061,0.931153673634161,0.594189468018301,0
