"","X2","MI","AIC","BIC","GAIC"
"1",0.540806674441554,0.540321377949224,0.694035130528392,0.685016668161837,0.589688705481295
"2",0.64778806853862,0.647260213510361,0.780859065219341,0.782444568045214,0.693984031578003
"3",0.757616291378847,0.757190777787745,0.892456589216831,0.888014138333184,0.831796896025836
"4",0.841690427917826,0.841509572082175,0.915151843545348,0.915720749977572,0.839930026015969
