"","X2","MI","AIC","BIC","GIAC","XBIC","DIMT"
"1",0.0013310892318852,0.00134638902336531,0.00390864318581474,0.00283779899237407,0.0120044688483526,0.00245802402826993,0
"2",0.00176263653995447,0.00172099024972957,0.00938073649045555,0.00836382484761429,0.0146384641803088,0.0065744884471745,0
"3",0.00152036759048867,0.00143144769471401,0.00792962828041345,0.0052265038064848,0.00860879904804863,0.00821785206132326,0
"4",0.00157840902552116,0.00155480923901396,0.0130563710535014,0.0111559613990855,0.0126559080769525,0.0136128612989771,0
