"","X2","MI","AIC","BIC"
"1",0.00251638957476265,0.00249148308706436,0.00574317971729896,0.00409961861230344
"2",0.00262295226211126,0.00264092570666596,0.0119141018510911,0.0114263709565728
"3",0.00282544421681584,0.0027870733434246,0.0110724503705227,0.0110594093149336
"4",0.00254376365308118,0.00251780602679079,0.0113321734499903,0.0104416425346431
