"","X2","MI","AIC","BIC","GIAC"
"1",0.00180136199345079,0.00174517013314512,0.00506977535997829,0.00543308011558578,0
"2",0.0031261909134922,0.00311934098547308,0.0098692555733526,0.00958806489158269,0
"3",0.00270491922201569,0.00273518896481293,0.0137056212464514,0.0129447499411193,0
"4",0.00152974685032668,0.0015168324168609,0.00552427493886379,0.00632771204729526,0
