"","X2","MI","AIC","BIC","GIAC"
"1",0.00258914909937303,0.00255184927154295,0.0061707470648322,0.00551630296663345,0
"2",0.00278014356450115,0.00283834983592449,0.00735403672644336,0.00835811602511923,0
"3",0.0033365373340676,0.0033318112864316,0.0118088971478192,0.0118761407494768,0
"4",0.00287802144416311,0.00287642597965738,0.00553041494950714,0.00546776261274809,0
